{
    "age": 0.09495537221738214,
    "age_err": 0.001572195023929719,
    "ages": {
        "integrated_age": 0.09508110822531211,
        "integrated_age_err": 0.0011835967871670074,
        "isochron_age": 0.09537045928159467,
        "isochron_age_err": 0.002726226550919576,
        "plateau_age": 0.0,
        "plateau_age_err": 0.0,
        "weighted_age": 0.09495537221738214,
        "weighted_age_err": 0.001572195023929719
    },
    "analyses": [
        {
            "age": 0.10720921853220351,
            "age_err": 0.004224269981081506,
            "age_err_wo_j": 0.004224269981081506,
            "kca": 21.36387872045621,
            "kca_err": 3.125636822943055,
            "kcl": -1410.6138348712627,
            "kcl_err": 930.5269536683275,
            "plateau_step": false,
            "radiogenic_yield": 67.46192381705967,
            "record_id": "66527-01",
            "tag": "ok",
            "uuid": "8d4149e3-8f52-4962-a426-962753ffa615"
        },
        {
            "age": 0.09227810280699193,
            "age_err": 0.005402058368716145,
            "age_err_wo_j": 0.005402058368716145,
            "kca": 16.82323524619254,
            "kca_err": 2.6908231442623456,
            "kcl": -2893.9650057726344,
            "kcl_err": 5458.776393782963,
            "plateau_step": false,
            "radiogenic_yield": 57.84065207057506,
            "record_id": "66527-02",
            "tag": "ok",
            "uuid": "4211411d-3117-48e9-9c04-ef55d5064fdb"
        },
        {
            "age": 0.19623444104756246,
            "age_err": 0.002608231084771655,
            "age_err_wo_j": 0.002608231084771655,
            "kca": 19.121085188073405,
            "kca_err": 1.4191686917750004,
            "kcl": -2855.118034284494,
            "kcl_err": 2219.468245171765,
            "plateau_step": false,
            "radiogenic_yield": 76.67736178374012,
            "record_id": "66527-03",
            "tag": "omit",
            "uuid": "c1337d92-a609-43c3-96e7-fb5061d435e2"
        },
        {
            "age": 0.10005771931852865,
            "age_err": 0.008318973497597516,
            "age_err_wo_j": 0.008318973497597516,
            "kca": 24.060665145260018,
            "kca_err": 7.211410866057149,
            "kcl": -699.0635267541236,
            "kcl_err": 410.6865449249922,
            "plateau_step": false,
            "radiogenic_yield": 37.24854654036852,
            "record_id": "66527-04",
            "tag": "ok",
            "uuid": "a4cb1bc3-c561-494b-b764-3b9bf0a62314"
        },
        {
            "age": 0.11764190637520025,
            "age_err": 0.004649258626933593,
            "age_err_wo_j": 0.004649258626933593,
            "kca": 18.463566134053544,
            "kca_err": 1.0640783344458724,
            "kcl": -4445.335687639817,
            "kcl_err": 4154.660748852022,
            "plateau_step": false,
            "radiogenic_yield": 17.807890907210382,
            "record_id": "66527-05",
            "tag": "omit",
            "uuid": "e06460b0-746f-48e0-aefa-a6d1edcdb1bc"
        },
        {
            "age": 0.09452750820948463,
            "age_err": 0.005514202955267672,
            "age_err_wo_j": 0.005514202955267672,
            "kca": 18.49775257516836,
            "kca_err": 1.3449397592245746,
            "kcl": -2788.614386044688,
            "kcl_err": 2103.3158175567332,
            "plateau_step": false,
            "radiogenic_yield": 15.852765167909963,
            "record_id": "66527-06",
            "tag": "ok",
            "uuid": "22516642-9073-41e5-be8b-0544a4fff472"
        },
        {
            "age": 0.12784062850762318,
            "age_err": 0.0038109709253384577,
            "age_err_wo_j": 0.0038109709253384577,
            "kca": 17.220899627000602,
            "kca_err": 1.1942648728311278,
            "kcl": 8891.689578430141,
            "kcl_err": 21658.23703776357,
            "plateau_step": false,
            "radiogenic_yield": 42.6909810159924,
            "record_id": "66527-07",
            "tag": "omit",
            "uuid": "4762845f-807e-44cd-97e1-48846411faee"
        },
        {
            "age": 0.09415656701837423,
            "age_err": 0.002857207304550401,
            "age_err_wo_j": 0.002857207304550401,
            "kca": 18.765172192254237,
            "kca_err": 1.2855571269730843,
            "kcl": -1595.070673778783,
            "kcl_err": 628.3818753406939,
            "plateau_step": false,
            "radiogenic_yield": 52.904369334542146,
            "record_id": "66527-08",
            "tag": "ok",
            "uuid": "7f6725a9-851f-4036-a36f-1061f9a74320"
        },
        {
            "age": 0.13192040684264683,
            "age_err": 0.0016126108189770613,
            "age_err_wo_j": 0.0016126108189770613,
            "kca": 17.92121672874509,
            "kca_err": 0.3075530207046785,
            "kcl": -6171.058602231379,
            "kcl_err": 2441.420135489816,
            "plateau_step": false,
            "radiogenic_yield": 52.87393085972346,
            "record_id": "66527-09",
            "tag": "omit",
            "uuid": "87ff8e1a-2dd0-4817-8c8e-44915f3bcfe9"
        },
        {
            "age": 0.09968022173832053,
            "age_err": 0.002711627320076797,
            "age_err_wo_j": 0.002711627320076797,
            "kca": 21.939241198205846,
            "kca_err": 1.5679091775701433,
            "kcl": -1980.8394062655389,
            "kcl_err": 880.2291270432912,
            "plateau_step": false,
            "radiogenic_yield": 51.49625422109108,
            "record_id": "66527-10",
            "tag": "ok",
            "uuid": "ea07fb59-f45f-4d8d-af95-2abab819c2ca"
        },
        {
            "age": 0.234038823278461,
            "age_err": 0.0033419453111311922,
            "age_err_wo_j": 0.0033419453111311922,
            "kca": 20.02612111733246,
            "kca_err": 1.5703490788251757,
            "kcl": -3434.1965754736916,
            "kcl_err": 3190.846796331978,
            "plateau_step": false,
            "radiogenic_yield": 61.150599708637884,
            "record_id": "66527-11",
            "tag": "omit",
            "uuid": "dc19111a-3fd9-45b0-9479-dadcb457c765"
        },
        {
            "age": 0.09141825691472716,
            "age_err": 0.0029676291219077004,
            "age_err_wo_j": 0.0029676291219077004,
            "kca": 20.65430998991228,
            "kca_err": 1.577447149401088,
            "kcl": -40448.43463700982,
            "kcl_err": 407628.6762113147,
            "plateau_step": false,
            "radiogenic_yield": 46.774444279087824,
            "record_id": "66527-12",
            "tag": "ok",
            "uuid": "fafe14a9-40f3-4bdc-812f-7f3d1efdbb80"
        },
        {
            "age": 0.0865499564284234,
            "age_err": 0.003588858936433957,
            "age_err_wo_j": 0.003588858936433957,
            "kca": 19.6461974493309,
            "kca_err": 1.871857250428916,
            "kcl": -5271.320952651011,
            "kcl_err": 9030.188310510908,
            "plateau_step": false,
            "radiogenic_yield": 45.04954609389881,
            "record_id": "66527-13",
            "tag": "ok",
            "uuid": "ce7fc028-7e2f-417a-8acd-0289b504f33b"
        },
        {
            "age": 0.09353848671563508,
            "age_err": 0.0023484823036237714,
            "age_err_wo_j": 0.0023484823036237714,
            "kca": 19.30068888015167,
            "kca_err": 0.9077825422434876,
            "kcl": -3216.6224087697005,
            "kcl_err": 1706.7644394530646,
            "plateau_step": false,
            "radiogenic_yield": 45.13134000700464,
            "record_id": "66527-14",
            "tag": "ok",
            "uuid": "73326138-aa20-4dbb-b48d-649d9aff8f4d"
        },
        {
            "age": 0.1292432149764492,
            "age_err": 0.0023161243724551593,
            "age_err_wo_j": 0.0023161243724551593,