{
    "age": 0.15244086789444872,
    "age_err": 0.0023020929897662077,
    "ages": {
        "integrated_age": 0.15224213438509757,
        "integrated_age_err": 0.0017108573116572702,
        "isochron_age": 0.1541704903993503,
        "isochron_age_err": 0.005575866944199104,
        "plateau_age": 0.0,
        "plateau_age_err": 0.0,
        "weighted_age": 0.15244086789444872,
        "weighted_age_err": 0.0023020929897662077
    },
    "analyses": [
        {
            "age": 0.13533169291385497,
            "age_err": 0.004941940489091829,
            "age_err_wo_j": 0.004941940489091829,
            "kca": 17.301565489494134,
            "kca_err": 1.3209555490241565,
            "kcl": -2160.559860330928,
            "kcl_err": 1390.6244581293936,
            "plateau_step": false,
            "radiogenic_yield": 24.044412778151187,
            "record_id": "66531-01",
            "tag": "ok",
            "uuid": "939e1f29-2150-4e7b-9ddb-8bd7db05503e"
        },
        {
            "age": 0.14258189167969598,
            "age_err": 0.007562718080834356,
            "age_err_wo_j": 0.007562718080834356,
            "kca": 20.07607597146015,
            "kca_err": 3.4504844969014687,
            "kcl": -2121.9676738563194,
            "kcl_err": 2640.657557723194,
            "plateau_step": false,
            "radiogenic_yield": 30.003885152281594,
            "record_id": "66531-02",
            "tag": "ok",
            "uuid": "b532ae31-182a-46bc-a7f9-82890fdd1ea4"
        },
        {
            "age": 0.15273301815980417,
            "age_err": 0.007706975127367299,
            "age_err_wo_j": 0.007706975127367299,
            "kca": 20.363684312230347,
            "kca_err": 4.621310313079698,
            "kcl": -648.677314292705,
            "kcl_err": 317.3858869585199,
            "plateau_step": false,
            "radiogenic_yield": 48.143292734405144,
            "record_id": "66531-03",
            "tag": "ok",
            "uuid": "e2c50656-d5ab-4267-ae58-f16e798297ad"
        },
        {
            "age": 0.14904474033576526,
            "age_err": 0.015967165269876862,
            "age_err_wo_j": 0.015967165269876862,
            "kca": 15.097277908213801,
            "kca_err": 3.84190827355263,
            "kcl": -947.1400208542505,
            "kcl_err": 1041.5799943402756,
            "plateau_step": false,
            "radiogenic_yield": 20.77554545528052,
            "record_id": "66531-04",
            "tag": "ok",
            "uuid": "8648c54c-3dc8-4e3c-8d8a-3bc668a7d451"
        },
        {
            "age": 0.15338825539516815,
            "age_err": 0.005226410295215694,
            "age_err_wo_j": 0.005226410295215694,
            "kca": 18.32167717476741,
            "kca_err": 1.485254782080937,
            "kcl": -2735.5637493825134,
            "kcl_err": 2224.301222249181,
            "plateau_step": false,
            "radiogenic_yield": 30.789913053350904,
            "record_id": "66531-05",
            "tag": "ok",
            "uuid": "90b0c465-ea98-45b4-b41d-b659aee38d13"
        },
        {
            "age": 0.17275772336917775,
            "age_err": 0.005990311944750187,
            "age_err_wo_j": 0.005990311944750187,
            "kca": 18.161958590127224,
            "kca_err": 1.983010166503364,
            "kcl": -4936.9106397743035,
            "kcl_err": 9882.891546171522,
            "plateau_step": false,
            "radiogenic_yield": 38.50022365203233,
            "record_id": "66531-06",
            "tag": "omit",
            "uuid": "d958f93d-9fef-4d43-a31f-2dbb3d4b8a15"
        },
        {
            "age": 0.15126047498893677,
            "age_err": 0.004892572662762172,
            "age_err_wo_j": 0.004892572662762172,
            "kca": 20.060912429679945,
            "kca_err": 2.343610045555901,
            "kcl": 19040.045271713352,
            "kcl_err": 142143.66145549194,
            "plateau_step": false,
            "radiogenic_yield": 49.022441477731505,
            "record_id": "66531-07",
            "tag": "ok",
            "uuid": "3cb67745-c6d6-4004-8fde-260a56d500bf"
        },
        {
            "age": 0.15752302105256608,
            "age_err": 0.004359587996590174,
            "age_err_wo_j": 0.004359587996590174,
            "kca": 17.749520204929514,
            "kca_err": 1.7068972658306347,
            "kcl": 74500.67796484524,
            "kcl_err": 2077534.4015405057,
            "plateau_step": false,
            "radiogenic_yield": 55.80080899426424,
            "record_id": "66531-08",
            "tag": "ok",
            "uuid": "12e8051e-3679-406c-9ac5-16d70645bdb9"
        },
        {
            "age": 0.2503679964747921,
            "age_err": 0.004613157458197168,
            "age_err_wo_j": 0.004613157458197168,
            "kca": 25.254313766687478,
            "kca_err": 3.628609818008027,
            "kcl": -1364.0999076390738,
            "kcl_err": 717.1571906283006,
            "plateau_step": false,
            "radiogenic_yield": 62.80467843716572,
            "record_id": "66531-09",
            "tag": "omit",
            "uuid": "037bb26d-3b02-462b-b97e-bb6506d04375"
        },
        {
            "age": 0.1538119067408874,
            "age_err": 0.005586289838407978,
            "age_err_wo_j": 0.005586289838407978,
            "kca": 20.447267772344706,
            "kca_err": 1.9830580630363939,
            "kcl": -2328.995171546332,
            "kcl_err": 1712.0152826368883,
            "plateau_step": false,
            "radiogenic_yield": 27.701993076257626,
            "record_id": "66531-10",
            "tag": "ok",
            "uuid": "52e10c61-f8b9-4463-89bd-8eb7f442af30"
        },
        {
            "age": 0.16029572882782464,
            "age_err": 0.004142761398687671,
            "age_err_wo_j": 0.004142761398687671,
            "kca": 19.010615601100948,
            "kca_err": 0.9037879893814723,
            "kcl": -3286.830940701356,
            "kcl_err": 1822.2894148208213,
            "plateau_step": false,
            "radiogenic_yield": 23.91972825881734,
            "record_id": "66531-11",
            "tag": "ok",
            "uuid": "0dbc1be9-2d5e-4c7d-88b9-04ca5d66a57a"
        },
        {
            "age": 0.14658348557946813,
            "age_err": 0.007467173875837434,
            "age_err_wo_j": 0.007467173875837434,
            "kca": 21.73278518342352,
            "kca_err": 3.516085071423,
            "kcl": 4562.341198577824,
            "kcl_err": 10224.95345311653,
            "plateau_step": false,
            "radiogenic_yield": 24.784639477755128,
            "record_id": "66531-12",
            "tag": "ok",
            "uuid": "2a2c935c-f987-4498-803c-81519d8fc3f7"
        },
        {
            "age": 0.8917236780583391,
            "age_err": 0.002606108848059969,
            "age_err_wo_j": 0.002606108848059969,
            "kca": 20.347908015432893,
            "kca_err": 1.225735687083134,
            "kcl": -10525.655031777836,
            "kcl_err": 21751.708715383655,
            "plateau_step": false,
            "radiogenic_yield": 89.16956330823345,
            "record_id": "66531-13",
            "tag": "omit",
            "uuid": "31585029-3198-41bd-8f22-d51371754d04"
        },
        {
            "age": 0.1628645142821307,
            "age_err": 0.0063524268612255375,
            "age_err_wo_j": 0.0063524268612255375,
            "kca": 19.66181613374557,
            "kca_err": 3.1132581501455507,
            "kcl": -2072.8853726688512,
            "kcl_err": 2303.4426946643007,
            "plateau_step": false,
            "radiogenic_yield": 40.36592842244181,
            "record_id": "66531-14",
            "tag": "ok",
            "uuid": "4aacd925-7914-4c2d-b58c-e48503087c7e"
        },
        {
            "age": 0.17602190547230942,
            "age_err": 0.005291908684527045,
            "age_err_wo_j": 0.005291908684527045,